irst,last,email,age
Randy,Nguyen,jivporvec@besanfek.bq,31
Alexander,Steele,wadkud@umojop.nz,49
Gregory,Pope,tinzunevo@dim.sc,57
Katherine,Collier,zucralek@ej.py,61
Estelle,Massey,lur@cacfowifi.bm,39
Sallie,Greer,ud@baizarul.nl,29
Agnes,Harmon,arilif@bothelu.jm,19
Stephen,Young,oba@rokifec.et,50
Stanley,Bishop,fetganav@tow.ma,30
Lilly,Perry,koucipej@ozaanmoj.tp,47
Jason,Blake,zoidopil@lugbes.co.uk,42
Josephine,Cross,do@kag.ec,43
Bess,Rodriguez,hekoku@zi.nc,23
Ruby,Peterson,sohfodo@nejop.mp,63
Amelia,Harrison,ekubedaf@idful.si,65
Agnes,Massey,unuuco@sokhub.mx,55
Verna,Graham,suziiv@if.mh,39
Rena,Butler,vi@oki.ve,31
Brandon,Hall,kaevov@asa.nz,36
Roger,Cain,feokcan@dalad.bf,40
Barbara,Reese,uji@ruk.la,18
Virginia,Russell,ri@fuivcug.gn,45
Juan,Spencer,pakgedwa@matufig.to,58
Esther,Floyd,dinu@kala.gr,62
Logan,King,masti@ofhogsof.pg,28
Kevin,Robbins,uwosate@ruhucu.ma,63
Amy,Spencer,purgitom@jocpab.dk,65
Leonard,Clayton,suuvjul@nod.gw,52
Marc,Griffin,dir@kim.kh,65
Stella,Garza,le@ru.mm,65
Cornelia,Fox,damowmoj@jahiweg.org,52
Ruth,Fox,voori@anzuvje.edu,52
Caleb,Ford,fifo@vaoceuv.es,58
Lucinda,Farmer,jahekle@vu.pk,37
Lester,Summers,sa@oru.jm,30
Leo,Paul,vazbef@diuz.hn,25
Mattie,Mack,jaksisu@odafu.ba,19
Isaac,Figueroa,jo@otaakiesa.iq,33
Jesse,Maxwell,ci@id.mv,52
Hettie,Jennings,mus@jamup.ua,59
Adeline,Summers,habaj@cutwaz.tt,43
Cory,Reynolds,wiwa@bajnuz.is,52
Alice,Stanley,kivorgef@lu.hr,49
Calvin,Jones,sifev@ufa.vn,18
Victor,Jacobs,mejoz@wi.gov,42
Gavin,Vaughn,febiw@fora.kr,36
Arthur,Valdez,op@avmif.bh,36
Lula,Hopkins,oguzovhuc@akiapa.tf,59
Helen,Burton,rotmidko@somibav.tz,28
Eugenia,Gonzalez,odamizti@elimilfa.tm,54
Lucinda,Chambers,ropu@kaamu.ni,25
Myrtle,Williamson,ehumon@powiv.ae,59
Steven,Holt,gecakcok@guki.ne,25
Rosalie,Frazier,ipakaj@ni.cz,29
Edgar,George,pojneeki@zujzec.kg,29
Nancy,Wade,dofe@tuazme.gw,41
Danny,Thornton,bid@jizuse.ua,44
Alejandro,Stone,tegahav@fagta.la,51
Nina,Newton,fipteprus@vapiz.rs,61
Sarah,Wright,sagfuk@ukotvec.so,42
Eric,Caldwell,zestiwru@ha.bq,24
Phoebe,Cummings,iz@is.pt,33
Chris,Pittman,amo@uju.ga,58
Carrie,Gray,fegariv@wapij.ac,20
Christopher,Blake,kawemama@givefe.lc,26
Howard,Patton,okogaw@fepemov.hn,50
Bobby,Nash,liajesuj@ufuga.al,23
Dollie,Vega,uc@hu.fo,57
Sarah,Long,zi@hoegse.as,53
Alejandro,Reed,mo@za.cf,18
Amanda,Gilbert,kovlolgo@cilbiccac.de,26
Gertrude,Barnes,ek@ege.tj,26
Luke,Jefferson,javjan@kudu.au,32
Winnie,Patterson,tiro@ofetacag.lt,33
Devin,Pratt,nacava@azanubsu.lk,29
Pauline,Barrett,abi@joafrir.hu,39
Lydia,Stephens,pi@peli.bw,48
Augusta,Weaver,cu@dubek.ml,47
Raymond,Bass,folpom@zebna.cy,36
Fannie,Norton,giwagcu@ijuvek.lt,50
Caleb,Parks,linu@fepep.dk,58
Harvey,Brown,rek@gopow.co,25
Pauline,Meyer,uwe@alwo.bj,20
Derek,Sharp,ran@jij.au,51
Gordon,Burns,rohinda@cutjaw.hn,40
Angel,Long,zazazo@afujisceg.ph,22
Bernard,Owens,bisil@na.pr,63
Olive,Rogers,eh@viru.aq,64
Willie,Barrett,zevganin@jutbuf.ph,44
Amelia,Moss,felheb@eg.mm,60
Harvey,Johnston,lotliv@volebfi.pe,40
Olga,Long,lifkaz@ciwzomwu.yt,45
Caroline,Kelly,jenekepu@ruhto.gf,19
Andre,Fowler,tecjucwuk@humla.lv,55
Dustin,Wilkerson,ipzav@pertaf.gg,54
Martha,Payne,vap@unhat.fo,59
Roger,Ortega,urwozus@nefonul.gw,25
Leonard,Bowers,valgo@nakwatim.bg,44
Ella,James,la@darbol.mk,57
Roy,Reese,monanin@buhatla.as,30

